Núm.,Género,Edad
1,M,21
2,M,20
3,F,28
4,M,25
5,F,24
6,M,26
7,F,30
8,M,22
9,M,23
10,M,21
11,M,22
12,M,30
13,M,27
14,F,30
15,M,24
16,F,24
17,M,29
18,F,28
19,F,25
20,F,24
21,F,22
22,F,29
23,M,25
24,F,26
25,M,26
26,M,23
27,F,30
28,M,23
29,M,26
30,F,27
31,F,20
32,M,28
33,M,28
34,F,22
35,F,21
36,F,23
37,M,24
38,F,30
39,F,22
40,M,27
41,M,26
42,M,21
43,M,27
44,F,30
45,F,30
46,M,29
47,F,29
48,F,27
49,F,25
50,F,25
51,F,25
52,M,26
53,F,23
54,M,27
55,F,28
56,M,30
57,M,25
58,M,23
59,F,25
60,M,27
61,F,27
62,M,29
63,F,27
64,F,26
65,M,24
66,M,22
67,F,23
68,F,29
69,M,31
70,F,24
71,M,29
72,M,24
73,F,25
74,M,23
75,F,25
76,F,23
77,M,23
78,F,20
79,M,24
80,M,29
81,M,29
82,F,23
83,M,31
84,F,26
85,M,27
86,F,21
87,F,24
88,F,21
89,F,23
90,M,27
91,M,28
92,M,25
93,M,21
94,M,30
95,M,26
96,F,25
97,M,28
98,F,29
99,F,27
100,F,27
101,M,24
102,F,29
103,F,25
104,M,18
105,M,24
106,F,24
107,F,27
108,M,29
109,M,20
110,F,25
111,F,22
112,F,25
113,M,24
114,F,22
115,M,25
116,M,23
117,F,20
118,F,26
119,F,25
120,F,23
121,M,26
122,F,22
123,F,24
124,F,25
125,M,28
126,F,28
127,M,29
128,F,29
129,M,28
130,F,22
131,M,21
132,M,27
133,F,25
134,F,25
135,M,24
136,F,18
137,F,28
138,M,28
139,F,24
140,M,26
141,M,28
142,F,29
143,M,26
144,F,24
145,M,24
146,F,24
147,F,25
148,F,25
149,F,24
150,M,17
151,F,25
152,M,24
153,M,26
154,M,21
155,F,24
156,M,21
157,F,27
158,M,26
159,M,27
160,F,24
161,M,27
162,M,22
163,M,32
164,M,24
165,F,25
166,M,28
167,F,33
168,F,25
169,M,25
170,M,26
171,F,22
172,F,24
173,M,23
174,F,22
175,F,25
176,F,24
177,F,28
178,F,31
179,F,26
180,M,21
181,F,22
182,M,31
183,M,22
184,M,24
185,F,22
186,F,26
187,F,23
188,M,24
189,M,26
190,M,25
191,M,23
192,M,28
193,M,26
194,M,20
195,F,25
196,M,28
197,M,23
198,M,25
199,F,30
200,M,26
201,F,25
202,M,22
203,F,25
204,F,21
205,M,24
206,F,22
207,F,24
208,M,25
209,F,26
210,F,29
211,M,21
212,F,30
213,F,26
214,M,20
215,F,29
216,M,24
217,M,25
218,M,26
219,F,23
220,M,23
221,F,23
222,M,25
223,M,29
224,F,25
225,F,24
226,F,20
227,F,23
228,M,25
229,F,29
230,F,25
231,M,26
232,F,23
233,F,28
234,M,23
235,M,25
236,F,21
237,M,23
238,F,28
239,F,25
240,M,28
241,F,26
242,M,30
243,F,22
244,M,27
245,F,24
246,M,22
247,F,26
248,F,28
249,M,21
250,F,21
251,F,24
252,F,23
253,F,25
254,F,25
255,F,24
256,F,18
257,F,24
258,M,23
259,M,22
260,M,25
261,M,27
262,M,31
263,F,26
264,F,27
265,M,25
266,M,30
267,M,22
268,F,25
269,M,24
270,F,25
271,M,28
272,F,25
273,F,30
274,M,24
275,F,27
276,M,26
277,M,25
278,M,25
279,M,24
280,M,21
281,F,22
282,M,26
283,M,29
284,F,26
285,F,22
286,M,29
287,M,27
288,F,26
289,M,27
290,F,27
291,F,26
292,F,27
293,F,28
294,M,21
295,F,30
296,M,23
297,M,23
298,F,29
299,M,28
300,F,26
301,M,21
302,F,27
303,M,24
304,M,29
305,M,28
306,F,24
307,M,29
308,F,23
309,M,26
310,F,27
311,M,22
312,F,27
313,M,28
314,F,23
315,F,24
316,M,31
317,M,22
318,M,23
319,M,24
320,F,24
321,M,24
322,F,25
323,F,31
324,M,24
325,F,33
326,F,26
327,M,27
328,F,24
329,F,25
330,M,28
331,F,26
332,M,29
333,M,28
334,F,25
335,M,25
336,F,28
337,F,30
338,F,19
339,F,24
340,F,20
341,M,21
342,F,23
343,M,23
344,M,26
345,F,25
346,F,24
347,M,19
348,F,25
349,M,21
350,F,21
351,F,27
352,M,29
353,F,25
354,M,22
355,F,28
356,M,25
357,F,26
358,M,25
359,M,19
360,M,28
361,M,23
362,M,27
363,M,23
364,M,22
365,M,24
366,M,23
367,M,26
368,F,24
369,M,21
370,M,30
371,F,22
372,M,26
373,M,25
374,F,23
375,F,25
376,M,27
377,F,27
378,F,23
379,M,21
380,F,24
381,F,22
382,F,26
383,M,22
384,F,21
385,M,27
386,M,26
387,F,28
388,F,24
389,M,25
390,M,27
391,M,22
392,M,26
393,M,26
394,M,28
395,F,23
396,M,26
397,M,27
398,M,22
399,F,27
400,M,25
401,M,24
402,F,30
403,F,28
404,M,25
405,M,22
406,F,20
407,M,23
408,M,23
409,M,28
410,M,29
411,F,26
412,F,23
413,M,21
414,F,27
415,M,23
416,F,29
417,F,30
418,M,28
419,F,25
420,F,28
421,M,22
422,M,20
423,M,22
424,M,22
425,F,25
426,M,24
427,M,23
428,F,28
429,F,25
430,F,27
431,M,20
432,F,24
433,M,23
434,F,24
435,F,23
436,F,26
437,M,27
438,F,20
439,M,22
440,F,22
441,F,30
442,M,28
443,F,29
444,F,26
445,F,19
446,M,25
447,M,22
448,M,22
449,M,25
450,F,26
451,F,26
452,M,20
453,M,34
454,F,26
455,F,23
456,M,20
457,F,25
458,M,25
459,F,28
460,M,27
461,F,28
462,F,27
463,M,27
464,M,25
465,F,23
466,F,25
467,M,27
468,F,22
469,F,26
470,M,26
471,M,24
472,M,31
473,F,23
474,F,28
475,F,27
476,M,27
477,M,24
478,M,29
479,M,25
480,M,28
481,M,25
482,M,23
483,M,22
484,M,22
485,F,24
486,M,24
487,F,20
488,M,29
489,M,20
490,F,27
491,M,31
492,F,23
493,F,25
494,M,24
495,M,22
496,M,22
497,M,32
498,M,26
499,M,21
500,M,27
501,F,32
502,M,26
503,F,23
504,F,22
505,F,21
506,M,26
507,M,27
508,F,23
509,F,24
510,M,23
511,F,28
512,F,24
513,M,24
514,F,26
515,M,28
516,M,24
517,F,22
518,M,28
519,F,28
520,M,24
521,M,26
522,F,28
523,F,31
524,F,28
525,M,22
526,F,25
527,M,30
528,F,23
529,M,26
530,M,27
531,M,26
532,M,24
533,M,24
534,M,23
535,F,29
536,F,27
537,M,22
538,F,23
539,M,24
540,F,23
541,F,24
542,M,21
543,F,21
544,F,24
545,F,24
546,M,23
547,F,28
548,M,24
549,M,28
550,F,20
551,M,27
552,M,27
553,F,21
554,M,25
555,F,26
556,F,26
557,M,25
558,F,29
559,F,29
560,F,28
561,M,22
562,F,27
563,M,25
564,F,25
565,F,31
566,F,25
567,M,20
568,F,25
569,F,25
570,M,28
571,F,33
572,F,26
573,M,30
574,M,25
575,M,27
576,M,24
577,F,21
578,M,26
579,M,23
580,M,26
581,M,25
582,M,25
583,F,23
584,M,26
585,M,27
586,M,25
587,F,25
588,M,28
589,F,20
590,M,30
